Fecha y hora;Minutos;Ideal °C;Etapa;Canal 2 · Termopar 1 °C;Canal 2 · Termopar 1 °C/h;Canal 2 · Termopar 1 °C/min;Canal 6 · Termopar 3 °C;Canal 6 · Termopar 3 °C/h;Canal 6 · Termopar 3 °C/min
2024-12-19 07:49:09;0.0;10.0;Ascenso;23.2;;;23.8;;
2024-12-19 07:54:10;5.016667;22.541667;Ascenso;37.3;168.637874;2.810631;47.5;283.45515;4.724252
2024-12-19 07:59:10;10.016667;35.041667;Ascenso;67.0;356.4;5.94;99.6;625.2;10.42
2024-12-19 08:04:09;15.0;47.5;Ascenso;98.3;376.856187;6.280936;142.6;517.725753;8.628763
2024-12-19 08:09:10;20.016667;60.041667;Ascenso;131.0;391.096346;6.518272;176.3;403.056478;6.717608
2024-12-19 08:14:10;25.016667;72.541667;Ascenso;159.5;342.0;5.7;200.0;284.4;4.74
2024-12-19 08:19:10;30.016667;85.041667;Ascenso;185.4;310.8;5.18;217.6;211.2;3.52
2024-12-19 08:24:10;35.016667;97.541667;Ascenso;211.1;308.4;5.14;230.7;157.2;2.62
2024-12-19 08:29:10;40.016667;110.041667;Ascenso;234.9;285.6;4.76;251.0;243.6;4.06
2024-12-19 08:34:10;45.016667;122.541667;Ascenso;257.2;267.6;4.46;269.4;220.8;3.68
2024-12-19 08:39:10;50.016667;135.041667;Ascenso;277.6;244.8;4.08;288.8;232.8;3.88
2024-12-19 08:44:10;55.016667;147.541667;Ascenso;295.1;210.0;3.5;308.2;232.8;3.88
2024-12-19 08:49:10;60.016667;160.041667;Ascenso;308.6;162.0;2.7;321.4;158.4;2.64
2024-12-19 08:54:11;65.033333;172.583333;Ascenso;318.7;120.797342;2.013289;330.7;111.229236;1.853821
2024-12-19 08:59:11;70.033333;185.083333;Ascenso;327.2;102.0;1.7;338.8;97.2;1.62
2024-12-19 09:04:11;75.033333;197.583333;Ascenso;334.9;92.4;1.54;346.4;91.2;1.52
2024-12-19 09:09:11;80.033333;210.083333;Ascenso;342.7;93.6;1.56;353.0;79.2;1.32
2024-12-19 09:14:11;85.033333;222.583333;Ascenso;352.8;121.2;2.02;361.6;103.2;1.72
2024-12-19 09:19:11;90.033333;235.083333;Ascenso;366.8;168.0;2.8;369.1;90.0;1.5
2024-12-19 09:24:11;95.033333;247.583333;Ascenso;380.0;158.4;2.64;377.2;97.2;1.62
2024-12-19 09:29:11;100.033333;260.083333;Ascenso;393.6;163.2;2.72;385.7;102.0;1.7
2024-12-19 09:34:11;105.033333;272.583333;Ascenso;405.9;147.6;2.46;388.8;37.2;0.62
2024-12-19 09:39:11;110.033333;285.083333;Ascenso;417.1;134.4;2.24;392.6;45.6;0.76
2024-12-19 09:44:10;115.016667;297.541667;Ascenso;427.7;127.625418;2.12709;399.7;85.48495;1.424749
2024-12-19 09:49:11;120.033333;310.083333;Ascenso;439.9;145.913621;2.431894;411.4;139.933555;2.332226
2024-12-19 09:54:11;125.033333;322.583333;Ascenso;452.7;153.6;2.56;424.0;151.2;2.52
2024-12-19 09:59:10;130.016667;335.041667;Ascenso;465.0;148.093645;2.468227;436.2;146.889632;2.448161
2024-12-19 10:04:11;135.033333;347.583333;Ascenso;476.3;135.149502;2.252492;447.6;136.345515;2.272425
2024-12-19 10:09:11;140.033333;360.083333;Ascenso;487.1;129.6;2.16;459.2;139.2;2.32
2024-12-19 10:14:11;145.033333;372.583333;Ascenso;498.4;135.6;2.26;471.5;147.6;2.46
2024-12-19 10:19:11;150.033333;385.083333;Ascenso;509.7;135.6;2.26;484.0;150.0;2.5
2024-12-19 10:24:11;155.033333;397.583333;Ascenso;520.5;129.6;2.16;495.8;141.6;2.36
2024-12-19 10:29:10;160.016667;410.041667;Ascenso;530.7;122.809365;2.046823;507.4;139.665552;2.327759
2024-12-19 10:34:11;165.033333;422.583333;Ascenso;541.2;125.581395;2.093023;518.8;136.345515;2.272425
2024-12-19 10:39:10;170.016667;435.041667;Ascenso;550.9;116.789298;1.946488;529.4;127.625418;2.12709
2024-12-19 10:44:10;175.016667;447.541667;Ascenso;560.7;117.6;1.96;540.7;135.6;2.26
2024-12-19 10:49:11;180.033333;460.083333;Ascenso;572.5;141.129568;2.352159;552.1;136.345515;2.272425
2024-12-19 10:54:11;185.033333;472.583333;Ascenso;583.0;126.0;2.1;562.7;127.2;2.12
2024-12-19 10:59:10;190.016667;485.041667;Ascenso;592.5;114.381271;1.906355;572.3;115.585284;1.926421
2024-12-19 11:04:11;195.033333;497.583333;Ascenso;600.7;98.07309;1.634551;581.5;110.033223;1.833887
2024-12-19 11:09:11;200.033333;510.083333;Ascenso;609.4;104.4;1.74;591.1;115.2;1.92
2024-12-19 11:14:11;205.033333;522.583333;Ascenso;616.0;79.2;1.32;598.0;82.8;1.38
2024-12-19 11:19:11;210.033333;535.083333;Ascenso;622.1;73.2;1.22;605.5;90.0;1.5
2024-12-19 11:24:11;215.033333;547.583333;Ascenso;627.0;58.8;0.98;612.2;80.4;1.34
2024-12-19 11:29:11;220.033333;560.083333;Ascenso;631.4;52.8;0.88;618.3;73.2;1.22
2024-12-19 11:34:11;225.033333;572.583333;Ascenso;625.9;-66.0;-1.1;615.1;-38.4;-0.64
2024-12-19 11:39:11;230.033333;585.083333;Ascenso;616.0;-118.8;-1.98;607.3;-93.6;-1.56
2024-12-19 11:44:11;235.033333;597.583333;Ascenso;612.2;-45.6;-0.76;604.6;-32.4;-0.54
2024-12-19 11:49:11;240.033333;610.083333;Ascenso;617.2;60.0;1.0;613.8;110.4;1.84
2024-12-19 11:54:11;245.033333;622.583333;Ascenso;626.7;114.0;1.9;623.4;115.2;1.92
2024-12-19 11:59:11;250.033333;630.0;Mantenimiento;635.3;103.2;1.72;628.8;64.8;1.08
2024-12-19 12:04:11;255.033333;630.0;Mantenimiento;639.4;49.2;0.82;630.7;22.8;0.38
2024-12-19 12:09:11;260.033333;630.0;Mantenimiento;642.3;34.8;0.58;632.8;25.2;0.42
2024-12-19 12:14:11;265.033333;630.0;Mantenimiento;643.1;9.6;0.16;631.7;-13.2;-0.22
2024-12-19 12:19:11;270.033333;630.0;Mantenimiento;640.9;-26.4;-0.44;629.0;-32.4;-0.54
2024-12-19 12:24:11;275.033333;630.0;Mantenimiento;639.0;-22.8;-0.38;628.0;-12.0;-0.2
2024-12-19 12:29:10;280.016667;630.0;Mantenimiento;640.7;20.468227;0.341137;632.7;56.588629;0.943144
2024-12-19 12:34:11;285.033333;630.0;Mantenimiento;644.5;45.448505;0.757475;637.1;52.624585;0.877076
2024-12-19 12:39:11;290.033333;630.0;Mantenimiento;648.7;50.4;0.84;641.1;48.0;0.8
2024-12-19 12:44:11;295.033333;630.0;Mantenimiento;652.5;45.6;0.76;644.4;39.6;0.66
2024-12-19 12:49:11;300.033333;630.0;Mantenimiento;643.2;-111.6;-1.86;635.1;-111.6;-1.86
2024-12-19 12:54:11;305.033333;630.0;Mantenimiento;626.7;-198.0;-3.3;625.8;-111.6;-1.86
2024-12-19 12:59:11;310.033333;624.916667;Descenso;613.3;-160.8;-2.68;615.7;-121.2;-2.02
2024-12-19 13:04:11;315.033333;612.416667;Descenso;602.4;-130.8;-2.18;605.3;-124.8;-2.08
2024-12-19 13:09:11;320.033333;599.916667;Descenso;591.6;-129.6;-2.16;595.1;-122.4;-2.04
2024-12-19 13:14:11;325.033333;587.416667;Descenso;578.2;-160.8;-2.68;587.0;-97.2;-1.62
2024-12-19 13:19:11;330.033333;574.916667;Descenso;567.2;-132.0;-2.2;579.6;-88.8;-1.48
2024-12-19 13:24:11;335.033333;562.416667;Descenso;559.5;-92.4;-1.54;574.2;-64.8;-1.08
2024-12-19 13:29:11;340.033333;549.916667;Descenso;549.8;-116.4;-1.94;568.4;-69.6;-1.16
2024-12-19 13:34:10;345.016667;537.458333;Descenso;536.7;-157.725753;-2.628763;557.7;-128.829431;-2.147157
2024-12-19 13:39:11;350.033333;524.916667;Descenso;522.2;-173.421927;-2.890365;545.0;-151.893688;-2.531561
2024-12-19 13:44:10;355.016667;512.458333;Descenso;508.4;-166.153846;-2.769231;533.1;-143.277592;-2.38796
2024-12-19 13:49:11;360.033333;499.916667;Descenso;496.1;-147.109635;-2.451827;522.0;-132.757475;-2.212625
2024-12-19 13:54:10;365.016667;487.458333;Descenso;484.8;-136.053512;-2.267559;511.5;-126.421405;-2.107023
2024-12-19 13:59:11;370.033333;474.916667;Descenso;473.8;-131.561462;-2.192691;501.4;-120.797342;-2.013289
2024-12-19 14:04:11;375.033333;462.416667;Descenso;463.3;-126.0;-2.1;491.9;-114.0;-1.9
2024-12-19 14:09:11;380.033333;449.916667;Descenso;453.5;-117.6;-1.96;482.5;-112.8;-1.88
2024-12-19 14:14:10;385.016667;437.458333;Descenso;443.7;-117.993311;-1.966555;472.9;-115.585284;-1.926421
2024-12-19 14:19:11;390.033333;424.916667;Descenso;433.8;-118.405316;-1.973422;463.1;-117.209302;-1.953488
2024-12-19 14:24:11;395.033333;412.416667;Descenso;423.3;-126.0;-2.1;452.9;-122.4;-2.04
2024-12-19 14:29:10;400.016667;399.958333;Descenso;413.6;-116.789298;-1.946488;442.3;-127.625418;-2.12709
2024-12-19 14:34:11;405.033333;387.416667;Descenso;403.6;-119.601329;-1.993355;430.9;-136.345515;-2.272425
2024-12-19 14:39:11;410.033333;374.916667;Descenso;393.2;-124.8;-2.08;419.8;-133.2;-2.22
2024-12-19 14:44:11;415.033333;362.416667;Descenso;383.1;-121.2;-2.02;409.1;-128.4;-2.14
2024-12-19 14:49:11;420.033333;349.916667;Descenso;372.3;-129.6;-2.16;397.8;-135.6;-2.26
2024-12-19 14:54:11;425.033333;337.416667;Descenso;360.6;-140.4;-2.34;387.6;-122.4;-2.04
2024-12-19 14:59:11;430.033333;324.916667;Descenso;350.1;-126.0;-2.1;377.7;-118.8;-1.98
2024-12-19 15:04:11;435.033333;312.416667;Descenso;339.5;-127.2;-2.12;368.3;-112.8;-1.88
2024-12-19 15:09:10;440.016667;300.0;Programa finalizado;330.0;-114.381271;-1.906355;359.3;-108.361204;-1.80602
2024-12-19 15:14:11;445.033333;300.0;Programa finalizado;315.4;-174.61794;-2.910299;344.7;-174.61794;-2.910299
2024-12-19 15:19:11;450.033333;300.0;Programa finalizado;302.0;-160.8;-2.68;332.3;-148.8;-2.48
2024-12-19 15:24:11;455.033333;300.0;Programa finalizado;291.7;-123.6;-2.06;322.4;-118.8;-1.98
2024-12-19 15:29:11;460.033333;300.0;Programa finalizado;281.9;-117.6;-1.96;312.6;-117.6;-1.96
